Text,Emotion
They‚Äôve hacked others for so long. I hope something good comes of this to protect Ukraine and to all of those Russian hackers have hurt.,neutral
Well then let‚Äôs see how this plays out,neutral
"I think the target should not only be russian websites, but also their banks and russian companies like Gazpron and Sukhoi",neutral
Oh no. Don‚Äôt.,fear
The enemy of my Emily is my friend,anger
The one thing that could unite the world.  Hatred of Facebook.,anger
Great job your rebranding did N O T H I N G,joy
"Imagine being such a piece of shit you beat out Activision, Amazon and Comcast.",anger
"My FB account was hacked and I have been trying to reclaim it for the past 6 months. I was able to change my password back but was still locked out. All I needed to do was contact support. Only to realize this rich ass company doesn‚Äôt have a customer support team and it‚Äôs all automated. The issue was that whoever hacked my account changed the 2FA to their phone number. So even though I sent proof of ownership by showing my ID and explicitly saying I need to bypass the 2FA just this once, I keep getting the automated response of ‚Äúyeah that makes, we can get your account back to you, we just gotta send you a code to your 2FA and you‚Äôll be all set :)‚Äù 

Like if I could have talked to a real person for like 5 minutes this would have been solved months ago",neutral
"So- this means Russian e-commerce is basically toast, right?",neutral
"Just some banks and this from the New York Times on the move: ‚ÄúBut, out of a sense of political self-preservation, they stopped short of barring energy transactions with Russia. The result is that Germany, Italy and other European nations will continue purchasing and paying for natural gas that flows through pipelines from Russia ‚Äî through Ukrainian territory that is suddenly a war zone.‚Äù",neutral
"https://www.gov.uk/government/news/joint-statement-on-further-restrictive-economic-measures-26-february-2022?fbclid=IwAR2jy9un2rvqPy164MbzqDhkGV3zdAiA9JClKmnOduQdPAbwLdUp_B1mVxQ

It‚Äôs happening!!! So proud of major democracies right now. They did the right thing.",surprise
"TLDR: They used a Public API with content IDs that were an incremented number. This allowed them to iterate through all the numbers and download everything. Also, deleted files were just marked deleted, so they got them too. Also also, pictures and videos had location data attached.

They‚Äôre all screwed.

Edit: Thanks for the silver!

Edit 2: Even more awards. Thank you!",anger
This is a good article. I just learned a lot about internet things.,neutral
It fascinates me that a group of people known for their paranoia isn‚Äôt better at covering their tracks.,neutral
"‚ÄúIs this your dick sir?‚Äù 

‚ÄúNo officer, I have much more chub and length‚Äù

‚ÄúAlright, pull em down. We have a warrant to search your pants‚Äù",disgust
So who‚Äôs gonna enforce this? The cock squad?,neutral
"#It's still legal to ask though, right?",neutral
1.9 million is an obvious speeding ticket they‚Äôll pay for that.,neutral
I think the ATP suggestion makes sense.  No charger in the box but just opt in if you want a free one at purchase. Ticks the environment box while also keeping customers happy.,neutral
"Reminds me of when Ziplock was advertising about 50% less plastic for each bag to ‚Äúsave the environment‚Äù and I just laughed and said wow, that‚Äôs some fancy way of advertising a big way they‚Äôre saving money on their own product.",surprise
[removed],neutral
[deleted],neutral
[removed],neutral
"It‚Äôs 2021. It should be running on trash-nuclear fusion by now. C‚Äômon Reality, you‚Äôre 6 years behind schedule.",neutral
Make it retro and take my money!,anger
Can existing batteries produce the necessary 1.21 gigawatts?,neutral
[deleted],neutral
Whats also funny is wanting someone like me back in the office. I‚Äôm on the network team of a global software company. Even when I‚Äôm in the office all of the firewalls and switches I work on are in other parts of the fucking country or the world. The fuck you need me in the office for?!?!? If shit breaks I go to the fucking data center. Jack wagons,anger
"I‚Äôve worked from home since March 2020 like many others. 

I enjoy being able to go tinkle while I can still hear the same long-talker drone on like they did in the office.  

Apparently establishing a ‚Äúpee corner‚Äù in meeting rooms is not going to be a return to work strategy. Thanks HR.",neutral
He doesn‚Äôt want foreign intelligence agencies to use Facebook to sow discord within his borders. He knows what Facebook is good for.,neutral
[deleted],neutral
"And if anyone knows anything about committing human rights violations and censorship, it‚Äôs Putin.",neutral
"I‚Äôve seen this one before, really hope he doesn‚Äôt live in a tall building with roof access. God speed.",surprise
"The oligarchs have gotten together and agreed that if the teen stops tracking them they are willing to offer him 499,005 rubles.",neutral
"In these cases, Sweeney uses data from the ADS-B transponders present on most aircraft which show a plane‚Äôs location in the air in real time as charted on the ADS-B Exchange. And though Sweeney‚Äôs bots can‚Äôt pull from blocked FAA data to figure out where a plane plans to go, they can cross-reference the real-time ADS-B data with another website that posts anonymized versions of the FAA flight plans. This allows the bot to match the plane it is tracking in real time to the anonymized FAA flight plans and determine each plane‚Äôs intended destination.

It‚Äôs a loophole in high-profile security that has only flown under the radar because one needs a lot of industry-specific knowledge to know all this data was available and public, and to understand how to parse it.

More here: [https://www.protocol.com/elon-musk-flight-tracker](https://www.protocol.com/elon-musk-flight-tracker)",neutral
">Every year, humans cut down about 15 billion trees. This massive deforestation is the root cause of many climate change-driven problems our world is facing at the moment. If it turns out to be successful, lab-grown wood can help us get rid of deforestation once and all. Let‚Äôs hope, this becomes a reality soon.

Well ... the issue with us cutting down trees is NOT the fact that we cut them down for the wood, it's that we cut them down for the land. In brazil they clear massive amounts of forest for making plantations. There's no regrowth in that at all. In Finland and Sweden (probably most of Europe / EU) we cut down forest mostly for the wood and then we re-plant the forest... and on top of that we're switching the way we do the cutting of the forest to a way where we don't do as much clear cutting anymore. 

I see this advancement as a fun project, but I don't see it as a solution to the actual problem we're facing, which is clearcutting for the sake of the land.",neutral
I mean at what scale? Growing a 20 year old tree to be ready to process for structural lumber is maxing to me. Can‚Äôt imagine lab grown wood to be any better?,surprise
"Huh, interesting. So can I, and I don‚Äôt even need the lab!",surprise
"But then where will I go to be lied to, manipulated and start fights with close family and friends.",neutral
My 60 year old mother asked me the other day to help her delete Facebook. It‚Äôs actually surprisingly difficult and I‚Äôm sure it‚Äôs designed to be confusing. If my mother is deleting it. It‚Äôs definitely a good sign!,surprise
"My dad became so addicted to Facebook, he refused to accept that I wouldn‚Äôt let him post pictures of my baby after she was born. I never budged and told him it‚Äôs either the baby and me and no pictures on Facebook, or Facebook.

He chose Facebook. He has never met his granddaughter. She‚Äôs gonna be 2 this year.",neutral
That was a marvel of modern aircraft and a huge source of pride for the Ukrainians. Fuckin lame man. Big airplanes are cool.,neutral
"Well, he proved he could hit a massive stationary target. Congrats on achieving 13th century achievement! Its like he wants to just piss people off more and encourage Ukraine to fight him harder.",neutral
"Fuck Putin for doing this, that plane was a testament to what mankind is capable of achieving. May his pockets be full of sunflower seeds. üá∫üá¶üåª",anger
"From the article: The Ukrainian Security Service (SSU) has announced that since the start of the war with Russia, it has discovered and shut down five bot farms with over 100,000 fake social media accounts spreading fake news.

The network, which operated in Kharkiv, Cherkasy, Ternopil, and Zakarpattia, aimed to discourage Ukrainian citizens and instill panic by distributing false information about the Russian invasion and the status of the defenders.

According to the SSU‚Äôs announcement, the goal of the network was to destabilize the sociopolitical situation in various regions, thus curbing the resistance of the Ukrainian militia.

The law enforcement agency in Ukraine raided the locations that hosted the bot farms and seized the following items:

100 sets of GSM gateways, 10,000 SIM cards for various mobile operators to disguise the fraudulent activity, Laptops and computers used for controlling and coordinating the bots",fear
This is the common global enemy all governments should be targeting,fear
Where‚Äôs r/Conspiracy going to get it‚Äôs content now?,neutral
Is this stuff intelligence agencies around the world can research and see how/why things are done by the kremlin and create strategies to counter them?,neutral
"If I‚Äôve learned anything from watching The Americans, the ministry of culture is code for the KGB.",neutral
"At this point, you can‚Äôt convince me that Anonymous isn‚Äôt just 2 CIA agents in a giant trench coat",neutral
"Well now the secret is out. 

Thanks, Time.",neutral
More bad reporting - not a secret at all. The Ukrainian's have released plenty of footage directly attributed to the drones.,disgust
"üé∂ Who is the host that will great our guests from afar? Look, there goes Ukraine‚Äôs hot new rock star! It‚Äôs‚Ä¶",surprise
"It cannot be said enough. The tactical advantage a small drone provides is *invaluable*! On one hand: They‚Äôre small, quick, hard to see, and will likely fly below most air defense radars Russia would have running. On the other hand: They can be used to adjust mortar/artillery fire, recce Russian troop positions, command and control Ukrainian forces, and so on. And that‚Äôs *BEFORE* anyone starts strapping explosives to them‚Ä¶.",neutral
"YES!  I have been saying this since before the invasion.  An average person with a drone can do a tremendous amount of damage.  Or they can gather intel, or cause distractions.  This is a new age and if civilians are targeted then Civilians should take action.",anger
"War 2.0 thousands of citizen with drones crashing into helicopters and bothering enemy soldiers/gaining intelligence, sad world we live in",sadness
"‚ÄúThe technology isn‚Äôt as effective at identifying people of color and women as it is white males. One reason for this is the data set the algorithms are trained on is not as robust for people of color and women. Until this is rectified, there are concerns about the ramifications for misidentifying people with the technology. ‚Äú

[Facial Recognition Technology: Here Are The Important Pros And Cons](https://www.forbes.com/sites/bernardmarr/2019/08/19/facial-recognition-technology-here-are-the-important-pros-and-cons/?sh=657b2614d16b) -Forbes",neutral
Gait technology is far more invasive. Here we go!,neutral
"Camera installer who has had to sub for state and federal work. They will never stop, HIKVISION camera were banned for federal use in the USA. We still sold, and they still buy.",neutral
That actually sounds fun,joy
The site has been blocked in Madagascar.,sadness
So they just made a version of the game pandemic?,neutral
These must be really tricky to shoot down,neutral
Are some of them non redeployable?,neutral
[deleted],neutral
So beating cancer is tantamount to Space Invaders?,neutral
Why isn‚Äôt this more important?,neutral
This is already a thing called photon beam therapy,neutral
Cool. Now do telecomm.,neutral
"Cool, do Amazon next",neutral
"From the complaint:

> in many cases, to specifically prohibit Google‚Äôs counterparties from dealing with Google‚Äôs competitors.

Basically Google would pay companies to make their search engine the default (eg. Mozilla for firefox). Just paying is probably fine, but requiring that a counterparty not strike deals with Google's competitors is crossing a line (using their market dominance unfairly). 

Apparently these sort deals with exclusionary parts cover 60% of all searches. Combine the size of those deals with google's own tech (google.com, chrome, etc) and google has roughly 80% of all search. Which is probably large enough to trigger the rules against using market dominance unfairly.

This point is very telling:

> Google‚Äôs practices are anticompetitive under long-established antitrust law. Almost 20 years ago, the D.C. Circuit in United States v. Microsoft recognized that anticompetitive agreements by a high-tech monopolist shutting off effective distribution channels for rivals, such as by requiring preset default status (**as Google does**) and making software undeletable (**as Google also does**), were exclusionary and unlawful under Section 2 of the Sherman Act.


This is likely not to end well for Google. 

RemindMe! 7 years",neutral
Great now my mouth breathing will be even louder,neutral
As if the speaker or charging/sterilization case wasn‚Äôt enough...RGB!,surprise
I believe it was still only a concept and no release date was given. Knowing razer it will never make it to production,surprise
[removed],neutral
Is there a chance that anonymous is run by government intelligence? Just wearing the mask to avoid direct conflict?,neutral
Isn‚Äôt‚Ä¶. Invading another sovereign nation with a huge army‚Ä¶ an act of war?  Russia crying ‚Äúact of war‚Äù has to be the most hypocritical posturing in history.,anger
The next 5-10 years are gonna be very interesting times with regards to anything related to AI,neutral
Wow. Who could've see this coming? /s,surprise
"Can't wait to see what happens in 10 years when celebrities start selling their likeness to AI firms so they don't actually have to act in movies. /s

Edit:
I wonder if I can get as many replies about The Congress as upvotes. 

I'm glad you're all enthusiastic to tell me about something I already know, but I'm talking about the real tangible future. Stop replying with the title to a movie based on fiction.

If I expressed excitement over a potential future with replicator technology are you all going to respond with ""that's just like Star Trek [insert wiki link]"".",surprise
"Block these in your router to remove ads from your TV 

Samsung:    
samsungads.com    
www.samsungotn.net    
www.samsungrm.net    
www.samsung.net/ads    
https://ads.samsung.com/    


LG:    
ngfts.lge.com    
us.ad.lgsmartad.com    
lgad.cjpowercast.com   
edgesuite.net   
us.info.lgsmartad.com   


Amazon Fire Stick:   
Have to download an app such as https://blokada.org/   


There is also a better blanket solution with https://pi-hole.net/   
I hope this helps people remove unwanted ads :)",neutral
">This problem is, of course, nothing new. Samsung has been doing this [for about six years now](https://www.theverge.com/2016/5/30/11814706/samsung-smart-televisions-new-menu-bar-ads-european-expansion), and it's not like this is unique to that company. If I bought the LG, I would have to contend with similar issues on WebOS. It's the same with Roku and a few others.

Is there anyone who isn't doing this then? Genuinely wondering for when I upgrade to a newer TV",surprise
"This is an example of why I dont connect my ‚Äúsmart tv‚Äù to the internet and go through an apple tv for content instead. 
Turns out with my television, a sony, the tv would periodically take screen shots of what you were watching and send it to their servers. 
These tv companies are privacy nightmares.",fear
Does Putin have a way to block usage of VPN in some way? Or limit it? I‚Äôm not really savvy in this department. If not seems like a really easy way to get around the internet block,neutral
North Korea all over again‚Ä¶.,neutral
Putin had to shut down the internet just to show that he could go to war with something and win,neutral
"> ‚ÄúIn this case,‚Äù wrote Bernstein, ‚Äúit was easy to tell because part of the submission included: ‚ÄòAs a large language model trained by OpenAI‚Ä¶‚Äô‚Äù",neutral
A lot of people I know used it on engineering assignments which is terrifying. Good tool yes. Comprehensively correct tool? Rarely ever,fear
I‚Äôve been using it to help write my sales emails.  Maybe learning to use it effectively is a skill needed in the future.,neutral
[deleted],neutral
"Russia was respected because Putin was feared. Thanks to the Ukrainian resistance, everybody is seeing their strength is actually a weakness. 

All respect for Putin is coming apart.",fear
"This is great! 

How many of this drone does Ukraine currently have access to? How can we get them more?",neutral
Metaphors do not work that way!,anger
"Watch out, about to be many cars for sale out of California...

In 15 years...",neutral
But...they have major electrical supply issues...?,surprise
"Great news, everyone!",joy
Here's hoping it goes the way of MySpace.,neutral
‚ÄúHa ha!‚Äù *nelson pointing*,joy
[deleted],neutral
Oh so they‚Äôre telling Ukrainians to stay off their platforms while allowing pro Russia propaganda to flourish,neutral
"How about Twitter and Facebook kick Russia off there platforms until they withdraw entirely from Ukraine? 

Fuck Putin 

Slava ukraini!!!!!!!!",anger
Seems like all countries should be paying attention right now and realizing that future warfare will include cyberattacks as well as traditional military. They should all be scrambling to make sure their digital infrastructure is secure.,neutral
It‚Äôs a staple of the discussions on *Gaslit Nation*,neutral
"Don‚Äôt worry - we were back online pretty quickly :) 
None of the banks went online, only couple of government websites for an hour or so.",neutral
"This was clear. I saw a lot of people saying that you need 50% to control a company. Although that is technically true, when ownership is pulverized you can have de facto control with as low as 20%. Musk is not there yet but the largest individual shareholder will always have sway over a company.",neutral
"‚ÄúMusk‚Äôs investment could set off more issues with the SEC. The SEC requires anyone with more than a 5 percent stake in the company to disclose their purchase within 10 days. Musk first acquired the shares on March 14th, 2022, and didn‚Äôt reveal that information until April 4th, 2022 ‚Äî 21 days after the fact. According to CNBC, the SEC‚Äôs fines for this kind of violation typically aren‚Äôt exorbitant (for the world‚Äôs richest man at least), and tend to waver around the $100,000 mark.

Another issue could relate to the way he announced the stock purchase, with a Schedule 13G filing instead of selecting the more complicated 13D. The difference is that anyone acquiring more than 5 percent of a company‚Äôs shares is required to register it, and according to Investopedia, the 13D form includes asking about plans ‚Äúinvolving a merger, reorganization, or liquidation of the issuer or any of its subsidiaries.‚Äù The simpler 13G form does not ask those questions, however. It‚Äôs intended for use when investors ‚Äúhave no intention of influencing control of the issuer,‚Äù and taking a board seat suggests that isn‚Äôt the case. Improperly filing the forms could result in a fine from the SEC.‚Äù",neutral
Delete the source code,neutral
[removed],neutral
"Worked at Amazon warehouse years ago, wouldn't recommend it.",neutral
"Amazon treats it's robots better. They air condition the facilities that use a lot of robots prone to overheating, but the ones that are all people are just sweltering",neutral
[deleted],neutral
this has cured so much traffic in Bellevue/redmond,neutral
Hope many big corps will follow,neutral
"This is hilarious:

**What is the largest animal you have ever stunned with a taser before butchering?**


A lot of people agree that it was a big bear with a rare disorder called too much electricity in the blood, but it was actually the biggest bird in the world, and now I am the most important part of our ecosystem.",surprise
"> people are clicking on Facebook until they love it.

There are some spookily accurate moments in this.",neutral
"How do you think about your responsibility to limit the spread of misinformation on your website?

I don‚Äôt believe in Germany. Does that need to be fact-checked?",neutral
Someone should leak pictures of them to the Russians but actually send pictures of Russian military equipment so they blow their own shit up instead,anger
"We‚Äôve seen such ingenuity out of the Ukrainians, I have no doubt they‚Äôll be able to camouflage the silhouette and profile from above. What I‚Äôm not clear on is if they give off another type of signature that can be triangulated. 

On the other hand, infrared doesn‚Äôt seem like it would discriminate a Starlink satellite more than the power source and people nearby. If anything, I wouldn‚Äôt want the satellite so far away that it doesn‚Äôt blend into the heat signature that goes along with large groups of people.",neutral
"Elon, make the camo. Then just sell it to westerners when this shit goes mainstream",disgust
If you use YouTube to learn how to do things like building or repairing. losing the dislike counter sucks. Now instead of skimming through looking at videos with the best reviews for having the best information. Now videos with completely incorrect info can be selected and if the video has no comments and no visible dislikes you might assume that it‚Äôs correct. Think about how many people use YouTube for vehicle maintenance videos. Using info from an incorrect video may cause huge cost in damages or may even cause a safety issue putting people at risk.,neutral
Just bring it back and let‚Äôs pretend this never happened.,neutral
[removed],neutral
"""I might never sell it,‚Äù Estavi told CoinDesk.

Spoiler alert: You won't.",neutral
The real hero is the person who sold it to him for 2.9 fucking million,anger
Well that was a shitty investment,disgust
I mean it‚Äôs all fun and games until that profit margin shrinks. Companies are never your friend.,joy
"There is no password sharing on Netflix!

Netflix plans give you 1, 2, or 4 simultaneous screens.

You can ""share"" your password with 10,000 people, but Netflix won't play more than 4 screens at a time--the number you have PAID for.

Netflix is trying to change the rules and say it's simultaneous screens at the same address.

If I have a two screen plan and want to watch Netflix at my home AND allow my daughter to watch it at her home that's fine. I paid for 2 screens, I should be able to use them wherever I want.",neutral
"Perhaps if they stopped canceling shows people loved after three seasons bc it ‚Äòstops attracting new viewers‚Äô they would, in fact, retain old viewers.",neutral
"Love the idea, but shouldn‚Äôt we be focused on regulating and getting control over our currently stored and exploited data rather than figuring out how to give it to the vultures again?",anger
I know this guys name strictly because he‚Äôs in the first chapter of every coding textbook I‚Äôve ever read.,neutral
"I see Tim Berners-Lee, I upvote ‚¨ÜÔ∏è",neutral
I wonder if the users who followed are interested in staying informed on the state of Chinese misinfo or if they‚Äôre wumao trying to spread the propaganda to western audiences. Would be interesting to see.,surprise
"How dare they smear me with my own words?

Edit. Fuck off",anger
Twitter and Facebook are misinformation dumpster fires,neutral
"Quote:

‚ÄúOver the course of two years, Puri created ElSa (short for elephant savior), a low-cost prototype of a machine-learning-driven software that analyzes movement patterns in thermal infrared videos of humans and elephants. Puri says the software is four times more accurate than existing state-of-the-art detection methods. It also eliminates the need for expensive high-resolution thermal cameras, which can cost in the thousands, she says. ElSa uses a $250 FLIR ONE Pro thermal camera with 206x156 pixel resolution that plugs into an off-the-shelf iPhone 6. The camera and iPhone are then attached to a drone, and the system produces real-time inferences as it flies over parks as to whether objects below are human or elephant.‚Äù",neutral
"Wow, this teen is going places. That‚Äôs rad as hell",surprise
"This is incredible work she did. 

However the only way to really solve this is kill demand. And I don‚Äôt know how that is done. As some cultures have this magical thinking bullshit when it comes to rubbing or cooking or eating exotic animal parts. It‚Äôs completely fucked up.",disgust
Just wait till movies are all AI generated.,neutral
"As an artist watching AI threaten to displace truckers, cashiers and so on, i think I was a little smug thinking my job was safe. Just a few years ago this AI art revolution was unimaginable to me. And the speed at which it‚Äôs taking place is staggering. I don‚Äôt think anyone‚Äôs job is completely safe. That being said I think there will always be a market for things made by a human - if only for the fact that they were made by a human. It also remains to be see how practical AI will be at creating what is intended - and the repeatability of the desired results. Right now that‚Äôs the weak point. You can put in a prompt and get amazing art - but trying to get what you‚Äôre imagining in your head is still really hard to do. For me the most useful thing has been to generate inspiration - ideas for color palettes, compositions I wouldn‚Äôt have thought of and so on. I could also see this tech enabling artists to create works that previously would have been impossible to do on your own. By teaching it your style, being able to have the AI generate panels for - a graphic novel, for example - you could really cut down on the workload. So I could see it having some benefits. I think it‚Äôs going to be messy though, and I hope it doesn‚Äôt destroy the livelihoods of artists.",surprise
Can we ask AI if it would print a car?,neutral
If everybody in the world tripped one time the world would be a completely different place,neutral
"I‚Äôd guess Tim Ferriss is among the donors. 

Super exciting.  Psychedelics have major therapeutic potential.",joy
I‚Äôve been conducting my own research for a while.The results have been....wonderful,surprise
"Interesting article, worth the read. Potential and actually acting on that potential are two different things though.",neutral
"‚ÄúScientists say.‚Äù Like it‚Äôs a consensus conclusion of the scientific community.

No. It‚Äôs one study. Knock it off with the misleading headlines. This is the kind of shit certain kinds of idiots use to discredit science as a whole.",disgust
"We went from ""gravity batteries are a scam"" to ""scientists say gravity batteries are the best"" real fast",neutral
"If those 3 out of 4 Americans would quit using it, it would go out of business.",neutral
Lmao why Modi is in ThumbnailüòÖ,neutral
Honestly Facebook may go down as one of the top ten most damaging inventions in history.,anger
[deleted],neutral
"No! I love getting shafted by Comcast. You can‚Äôt take that sweet pain away from me. Without them, I will only have VISA and AT&T to abuse me monthly.",disgust
[deleted],neutral
There are more ads in that article than news...,neutral
What if Elon Musk just accepted trains as an efficient form of transport instead trying to invent some new BS?,neutral
Can they just connect the fuckin tram from the MGM station to the fuckin airport?  That sounds too fuckin easy,surprise
"This doesn‚Äôt have as much to do with him going to space as it does the company suing NASA over losing the HLS contract after the GAO already rules that NASA did the right thing. 

The employees are mortified to work for a company that is not advancing space flight and is now actively doing the opposite.",disgust
">Most of the Blue Origin engineers transferred to SpaceX.

This is not really much of a story.

>Some of the top engineers who left the company were part of the lunar lander program. The space firm lost its bid for a NASA development contract in April when its competitor, SpaceX, was announced as the awardee under NASA's Human Landing System program, winning a contract with $2.9 billion.

BO turnover was high anyway, and the loss of that contract just encouraged some extra people to follow the work.",neutral
"Stayed juussst long enough to get that $10k bonus and the ability to add ""sent Jeff Bezos to space"" on their resume.",neutral
"Musk: ""Behold, my wallet.""",fear
[deleted],neutral
"If he can send up more satellites than china can blow out of the sky, why have I been on a Starlink waitlist for over a year citing ‚Äúlack of satellites‚Äù",surprise
Still a little sad not to see a Thorium reactor on the list but oh well. Maybe one day,sadness
"I just showed my bf Chernobyl and we both actually feel more comfortable with nuclear energy after seeing what led up to the disaster as well as what followed

Edit: The HBO mini series not the actual power plant",joy
"Finally, we should actually be heavily investing in nuclear despite the negative press. Nuclear is one of the most environmentally friendly forms of power production, literally the same impact as a wind farm. Even with every nuclear disaster far less people have died from nuclear power plants than coal plants. 

There is a stigma against it, but if every coal power plant was nuclear we would have a cleaner world and all the energy we could possibly need.",neutral
TLDR?,neutral
"Great job, Hubble!  You still got what it takes, my friend!",joy
Hubble is pushing it to the max now that JWST is deployed.,neutral
Uhm boss... the bacteria died again,neutral
Next headline: County electricians to be replaced with aquarium enthusiasts,neutral
[deleted],neutral
